genus,Length,Reads,RPK,percentage_rpk,,,,,
,,,,,,,,,
unclassified,141182599,2036060,204413.4858,43.58183365,,,,,unmapped
g_unknown,26181463,724991,144563.3257,30.8215223,,,,501 cecq n,511210
g_Blautia,16277281,214258,43568.8489,9.289065825,,,,501 cecq y,620147
g_Parabacteroides,3997345,102441,24618.77063,5.2488277,,,,501 colq n,320997
g_Bacteroides,12745016,150285,20242.19063,4.315722033,,,,502 cecq n,861832
g_Anaerotignum,319898,35489,8681.278151,1.85088581,,,,502 cecq y,417937
g_Lactobacillus,672493,16429,4168.512165,0.888744708,,,,502 colq n,541742
g_Tannerella,725344,13457,2335.17559,0.497869471,,,,503 cecm n,1240725
g_Weissella,34650,3429,1196.769074,0.25515631,,,,503 cecq n,510627
g_Escherichia,4690226,5998,741.213724,0.158029951,,,,504 cecm n,1300712
g_Caldilinea,8529,1740,738.0437695,0.157354103,,,,504 cecq n,835410
g_Clostridium,1881130,7344,630.8511915,0.134500185,,,,504 cecq y,857241
g_Prevotella,991028,7402,604.2652295,0.128831944,,,,504 colq n,984571
g_Ralstonia,397781,4731,540.3793574,0.115211201,,,,,
g_Anaerophaga,2064,775,430.3156566,0.091745147,,,,,
g_Cutibacterium,2273844,3648,373.8172893,0.079699453,,,,,
g_Pseudomonas,1134776,5342,361.119203,0.076992166,,,,,
g_Bacillus,714148,2959,303.8237195,0.064776523,,,,,
g_Bradyrhizobium,1120979,2896,255.8804709,0.054554816,,,,,
g_Porphyromonas,234901,2227,249.33167,0.053158584,,,,,
g_Barnesiella,339416,2816,236.0389866,0.050324526,,,,,
g_Chlamydia,61270,776,234.5476083,0.050006558,,,,,
g_Selenomonas,49338,543,218.8336463,0.046656274,,,,,
g_Methylobacillus,14121,4922,217.7743751,0.046430433,,,,,
g_Staphylococcus,584190,2172,185.1788739,0.039480932,,,,,
g_Streptococcus,485286,2203,173.0224106,0.036889122,,,,,
g_Odoribacter,267144,2152,160.1595448,0.034146703,,,,,
g_Paenibacillus,335695,2159,140.1251632,0.029875287,,,,,
g_Pedobacter,361122,2011,127.5981763,0.02720448,,,,,
g_Geosporobacter,56583,2513,125.3149514,0.026717686,,,,,
g_Fermentimonas,158537,1626,120.9797487,0.025793402,,,,,
g_Mycoplasma,212338,1068,115.1785199,0.024556555,,,,,
g_Alistipes,321870,2198,112.4179871,0.023967998,,,,,
g_Tyzzerella,75398,494,110.3823683,0.023533995,,,,,
g_Mesorhizobium,557748,1288,110.3203177,0.023520766,,,,,
g_Leadbetterella,40548,265,110.2087831,0.023496986,,,,,
g_Candidatus Protochlamydia,6747,354,108.4678333,0.023125808,,,,,
g_Draconibacterium,178533,1950,104.9126658,0.022367831,,,,,
g_Mucilaginibacter,194676,1349,103.8594627,0.022143284,,,,,
g_Paludibacter,173233,889,96.05046001,0.020478371,,,,,
g_Ruminiclostridium,125379,581,91.48550628,0.019505103,,,,,
g_Burkholderia,295182,1131,88.68232648,0.018907453,,,,,
g_Megasphaera,28356,1241,82.50825511,0.017591115,,,,,
g_Raoultella,14169,283,82.20775662,0.017527047,,,,,
g_Acinetobacter,261978,796,80.66313714,0.017197727,,,,,
g_Desulfotalea,5859,264,79.77382844,0.017008123,,,,,
g_Acidovorax,342419,888,79.13125998,0.016871125,,,,,
g_Haemophilus,36912,239,78.90989161,0.016823928,,,,,
g_Micrococcus,216598,834,73.79081632,0.015732519,,,,,
g_Vibrio,210236,929,73.54995048,0.015681166,,,,,
g_Serratia,144921,752,66.89097039,0.014261442,,,,,
g_Thermoanaerobacter,115278,371,65.4752378,0.013959602,,,,,
g_Orthobunyavirus,3503,119,64.69083676,0.013792364,,,,,
g_Candidatus Actinomarina,1539,861,64.49157411,0.013749881,,,,,
g_Enterococcus,240304,1001,64.1912837,0.013685858,,,,,
g_Cellulosilyticum,166089,587,64.05247793,0.013656264,,,,,
g_Spirosoma,78807,760,63.63551295,0.013567365,,,,,
g_Petrimonas,153444,1017,63.47978686,0.013534163,,,,,
g_Flavobacterium,334272,946,63.30851307,0.013497647,,,,,
g_Fusobacterium,279307,654,63.08402796,0.013449786,,,,,
g_Lachnoclostridium,129648,572,62.86647724,0.013403403,,,,,
g_Coprococcus,41631,759,62.69291973,0.0133664,,,,,
g_Ruminococcus,114810,591,59.84978494,0.012760231,,,,,
g_Hymenobacter,127656,861,57.51565985,0.012262586,,,,,
g_Rhizobium,140889,934,57.09220125,0.012172303,,,,,
g_Chryseobacterium,138135,637,52.71762617,0.011239624,,,,,
g_Pandoraea,55722,550,52.12938672,0.011114209,,,,,
g_Lactococcus,106350,438,51.83554715,0.011051561,,,,,
g_Ornithobacterium,154049,396,51.63747123,0.011009331,,,,,
g_Chlorobaculum,35808,272,50.3587377,0.010736699,,,,,
g_Cupriavidus,120973,528,48.56573887,0.010354424,,,,,
g_Pseudoalteromonas,56730,865,46.52146192,0.009918576,,,,,
g_Geobacter,69564,588,45.88506362,0.009782893,,,,,
g_Niabella,115740,880,44.76594348,0.009544292,,,,,
g_Paeniclostridium,56292,201,43.73830878,0.009325195,,,,,
g_Collimonas,40652,578,43.0411864,0.009176566,,,,,
g_Chitinophaga,117373,581,42.4388676,0.009048149,,,,,
g_Clostridioides,164160,492,42.14332902,0.008985139,,,,,
g_Halobacillus,16977,384,41.94923043,0.008943756,,,,,
g_Elizabethkingia,73422,534,41.40381049,0.00882747,,,,,
g_Rhodococcus,93202,510,41.34291136,0.008814486,,,,,
g_Lysinibacillus,124627,1013,40.2662229,0.008584932,,,,,
g_Afipia,67842,503,38.93825657,0.008301804,,,,,
g_Sphingobacterium,154428,766,37.93100244,0.008087053,,,,,
g_Roseburia,51096,644,37.74306265,0.008046983,,,,,
g_Pontibacter,132984,742,37.46498303,0.007987695,,,,,
g_Streptomyces,192433,854,37.37322236,0.007968132,,,,,
g_Capnocytophaga,108463,777,36.52688226,0.007787688,,,,,
g_Campylobacter,236870,486,35.36033004,0.007538974,,,,,
g_Caulobacter,193641,392,34.62391289,0.007381967,,,,,
g_Vogesella,6447,417,33.55359225,0.00715377,,,,,
g_Brachyspira,152694,367,33.17780972,0.007073652,,,,,
g_Pantoea,60843,804,32.95880779,0.007026959,,,,,
g_Niastella,97163,899,32.52188985,0.006933807,,,,,
g_Sphingomonas,141018,455,32.24829655,0.006875475,,,,,
g_Polaribacter,98031,918,31.847858,0.0067901,,,,,
g_Solitalea,50790,469,31.05000674,0.006619995,,,,,
g_Sphingopyxis,139993,368,30.48795687,0.006500163,,,,,
g_Winogradskyella,24972,338,29.99808194,0.00639572,,,,,
g_Cellulophaga,106143,461,29.94912382,0.006385282,,,,,
g_Dyadobacter,83358,775,29.8135528,0.006356378,,,,,
g_Rufibacter,149850,623,29.43086508,0.006274787,,,,,
g_Aerococcus,60381,451,28.94632713,0.006171481,,,,,
g_Candidatus Azobacteroides,23238,165,28.6318299,0.006104429,,,,,
g_Haliscomenobacter,32142,439,27.39181474,0.005840053,,,,,
g_Aneurinibacillus,30195,396,26.35354671,0.005618689,,,,,
g_Methylobacterium,117429,318,25.45640005,0.005427414,,,,,
g_Azospirillum,44182,366,25.18121727,0.005368744,,,,,
g_Aeromonas,104502,404,24.67483082,0.00526078,,,,,
g_Filimonas,81726,691,24.41222469,0.005204791,,,,,
g_Stenotrophomonas,135838,302,24.22198565,0.005164231,,,,,
g_Maribacter,72432,207,24.07954558,0.005133863,,,,,
g_Paraburkholderia,72282,261,24.00967917,0.005118967,,,,,
g_Corynebacterium,184232,442,23.77844048,0.005069666,,,,,
g_Enterobacter,135498,459,23.62388263,0.005036713,,,,,
g_Neisseria,38517,349,23.56480612,0.005024118,,,,,
g_Altererythrobacter,40419,324,23.54101876,0.005019046,,,,,
g_Salinivirga,41847,219,23.01442166,0.004906774,,,,,
g_Parvularcula,7434,485,22.0829398,0.004708178,,,,,
g_Treponema,76809,296,21.86106564,0.004660873,,,,,
g_Thermoanaerobacterium,73152,297,21.8533019,0.004659218,,,,,
g_Blastochloris,27744,190,21.66543222,0.004619163,,,,,
g_Mahella,35065,104,21.65590309,0.004617132,,,,,
g_Moraxella,75764,232,21.54157264,0.004592756,,,,,
g_Nostoc,45660,387,21.37279065,0.004556771,,,,,
g_Rahnella,31311,345,21.16454142,0.004512371,,,,,
g_Persicobacter,118368,482,20.82710521,0.004440428,,,,,
g_Alphabaculovirus,9387,175,20.67070795,0.004407084,,,,,
g_Shewanella,106052,252,20.60740949,0.004393588,,,,,
g_Leptolyngbya,18359,203,20.50989645,0.004372798,,,,,
g_Oenococcus,17739,373,20.42230686,0.004354124,,,,,
g_Citrobacter,60856,264,20.35368591,0.004339493,,,,,
g_Gramella,88326,233,20.30865702,0.004329893,,,,,
g_Amycolatopsis,11037,210,20.29834276,0.004327694,,,,,
g_Faecalibacterium,25779,295,20.04762374,0.00427424,,,,,
g_Spiroplasma,87063,334,19.84460034,0.004230954,,,,,
g_Methylomonas,26607,655,19.44133296,0.004144976,,,,,
g_Kocuria,147180,312,19.38214465,0.004132357,,,,,
g_Paucibacter,14602,292,19.0617076,0.004064038,,,,,
g_Ethanoligenens,8148,289,18.9981834,0.004050494,,,,,
g_Nitratiruptor,7761,56,18.97116218,0.004044733,,,,,
g_Defluviimonas,11220,336,18.9549468,0.004041276,,,,,
g_Alkaliphilus,63600,142,18.91098752,0.004031904,,,,,
g_Candidatus Izimaplasma,16857,257,18.70220267,0.00398739,,,,,
g_Carnobacterium,68481,177,18.70172715,0.003987289,,,,,
g_Fischerella,11583,314,18.62437483,0.003970797,,,,,
g_Helicobacter,109275,264,18.28427039,0.003898285,,,,,
g_Pectobacterium,53490,577,18.05207311,0.00384878,,,,,
g_Synechocystis,10131,254,17.96894547,0.003831056,,,,,
g_Eubacterium,65115,153,17.88990093,0.003814204,,,,,
g_Methanosarcina,79468,289,17.76681748,0.003787962,,,,,
g_Yersinia,88572,352,17.7466541,0.003783663,,,,,
g_Desulfitobacterium,44052,133,17.41878743,0.00371376,,,,,
g_Rhodopseudomonas,180926,259,17.37238613,0.003703867,,,,,
g_Thermococcus,16710,155,17.33825908,0.003696591,,,,,
g_Cronobacter,43899,340,16.99406499,0.003623208,,,,,
g_Leptospira,65454,303,16.72391099,0.00356561,,,,,
g_Variovorax,100669,252,16.58309084,0.003535586,,,,,
g_Listeria,122675,218,16.52376432,0.003522938,,,,,
g_Polynucleobacter,26553,92,16.4828679,0.003514218,,,,,
g_Sphingobium,144349,217,16.36754753,0.003489631,,,,,
g_Dokdonia,36861,119,16.35020256,0.003485933,,,,,
g_Anaerostipes,55942,184,16.34790488,0.003485444,,,,,
g_Fibrella,50679,343,16.26654426,0.003468097,,,,,
g_Bdellovibrio,15261,129,16.14941177,0.003443124,,,,,
g_Xenorhabdus,47556,180,15.82796938,0.003374591,,,,,
g_Teredinibacter,7998,229,15.82737369,0.003374464,,,,,
g_Archaeoglobus,8337,141,15.80697346,0.003370115,,,,,
g_Cellvibrio,10140,200,15.75592338,0.003359231,,,,,
g_Candidatus Methylomirabilis,705,132,15.60283688,0.003326592,,,,,
g_Marinomonas,8733,286,15.54699595,0.003314686,,,,,
g_Hafnia,17289,253,15.47375584,0.003299071,,,,,
g_Formosa,78159,199,15.3498423,0.003272652,,,,,
g_Desulfovibrio,45975,235,15.29582924,0.003261137,,,,,
g_Runella,45489,175,15.25612599,0.003252672,,,,,
g_Cytophaga,55830,248,14.95186097,0.003187801,,,,,
g_Rhodobacter,37454,186,14.86311316,0.00316888,,,,,
g_Sedimenticola,6168,251,14.70242888,0.003134621,,,,,
g_Cyclobacterium,47490,243,14.60623312,0.003114112,,,,,
g_Candidatus Nitrosocosmicus,9795,159,14.57158514,0.003106725,,,,,
g_Thermovirga,1608,35,14.51077944,0.003093761,,,,,
g_Anoxybacillus,55836,229,14.49139938,0.003089629,,,,,
g_Intestinimonas,10155,146,14.39695329,0.003069492,,,,,
g_Klebsiella,84534,186,14.28534795,0.003045698,,,,,
g_Prochlorococcus,60813,167,14.14263554,0.003015271,,,,,
g_Francisella,51285,200,14.12353846,0.003011199,,,,,
g_Thiomicrospira,13044,233,13.87412854,0.002958024,,,,,
g_Caldicellulosiruptor,93450,194,13.8512129,0.002953138,,,,,
g_Asticcacaulis,40884,119,13.77662667,0.002937236,,,,,
g_Acetobacterium,10560,182,13.62354493,0.002904598,,,,,
g_Halomonas,43428,251,13.50449061,0.002879215,,,,,
g_Frischella,8211,157,13.48983851,0.002876092,,,,,
g_Comamonas,49503,180,13.45078396,0.002867765,,,,,
g_Owenweeksia,27456,119,13.44827523,0.00286723,,,,,
g_Proteus,19728,229,13.28004425,0.002831363,,,,,
g_Bibersteinia,23610,294,13.22642968,0.002819932,,,,,
g_Hoeflea,14196,181,13.16784627,0.002807441,,,,,
g_Desulfobacterium,30300,225,13.16079129,0.002805937,,,,,
g_Polymorphum,9156,120,13.13133318,0.002799657,,,,,
g_Echinicola,43491,179,12.89760086,0.002749824,,,,,
g_Borrelia,36834,198,12.80774107,0.002730665,,,,,
g_Methylotenera,21237,91,12.75210237,0.002718803,,,,,
g_Marinitoga,23169,95,12.66292774,0.002699791,,,,,
g_Fictibacillus,25674,155,12.66203699,0.002699601,,,,,
g_Ilyobacter,32493,102,12.43524182,0.002651247,,,,,
g_Halocynthiibacter,9273,181,12.37022206,0.002637385,,,,,
g_Candidatus Puniceispirillum,2652,123,12.36884444,0.002637091,,,,,
g_Mastadenovirus,13658,83,12.3116689,0.002624901,,,,,
g_Thermodesulfovibrio,18591,165,12.29226536,0.002620764,,,,,
g_Deinococcus,29694,174,12.27584412,0.002617263,,,,,
g_Blattabacterium,29868,99,12.17748242,0.002596292,,,,,
g_Emticicia,37439,134,12.11262563,0.002582464,,,,,
g_Flammeovirga,48474,269,12.0628729,0.002571856,,,,,
g_Pelosinus,62559,145,12.04332665,0.002567689,,,,,
g_Desulfosporosinus,35706,174,12.02347542,0.002563457,,,,,
g_Xanthomonas,90565,264,11.8853134,0.002534,,,,,
g_Acetoanaerobium,27514,92,11.81076272,0.002518105,,,,,
g_Solibacillus,18570,153,11.60898707,0.002475086,,,,,
g_Candidatus Riesia,3282,58,11.58620351,0.002470228,,,,,
g_Sulfurimonas,51138,179,11.52556764,0.002457301,,,,,
g_Massilia,27588,136,11.46358315,0.002444085,,,,,
g_Desulfotomaculum,49110,106,11.37202516,0.002424565,,,,,
g_Filifactor,36496,80,11.20514393,0.002388985,,,,,
g_Wolbachia,25812,177,11.11851042,0.002370514,,,,,
g_Halanaerobium,53760,138,10.93580679,0.002331561,,,,,
g_Nitrospira,22158,348,10.85790581,0.002314952,,,,,
g_Marinobacter,32733,152,10.72330368,0.002286254,,,,,
g_Buchnera,49176,176,10.55603224,0.002250591,,,,,
g_Eggerthella,3201,81,10.53783615,0.002246712,,,,,
g_Exiguobacterium,20655,125,10.52285001,0.002243517,,,,,
g_Leuconostoc,72492,136,10.50393182,0.002239483,,,,,
g_Psychromonas,25002,138,10.48748044,0.002235976,,,,,
g_Butyrivibrio,50640,126,10.42375014,0.002222388,,,,,
g_Lutibacter,42312,151,10.30297503,0.002196639,,,,,
g_Rothia,24468,152,10.1722527,0.002168768,,,,,
g_Algoriphagus,37956,126,10.10075657,0.002153525,,,,,
g_Arcobacter,67440,150,10.05630624,0.002144048,,,,,
g_Melioribacter,18840,227,10.04026291,0.002140627,,,,,
g_Dehalobacter,6339,114,9.995637391,0.002131113,,,,,
g_Planctomyces,9291,159,9.975138654,0.002126742,,,,,
g_Bordetella,47430,137,9.972186763,0.002126113,,,,,
g_Rivularia,11382,245,9.953553473,0.00212214,,,,,
g_Hydrogenophaga,40461,154,9.937685593,0.002118757,,,,,
g_Acholeplasma,40734,182,9.896790448,0.002110038,,,,,
g_Dyella,20700,214,9.883603598,0.002107227,,,,,
g_Zobellia,45624,181,9.659132865,0.002059369,,,,,
g_Gemmatimonas,5022,75,9.651004084,0.002057636,,,,,
g_Terribacillus,18439,91,9.57389861,0.002041196,,,,,
g_Myxococcus,18279,157,9.546167939,0.002035284,,,,,
g_Microbacterium,35536,105,9.485585567,0.002022368,,,,,
g_Azoarcus,11574,127,9.4092493,0.002006092,,,,,
g_Propionibacterium,91893,101,9.338885037,0.00199109,,,,,
g_Natranaerobius,14766,69,9.316943378,0.001986412,,,,,
g_Myroides,35868,112,9.217568494,0.001965225,,,,,
g_Nitrobacter,30909,120,9.127741723,0.001946074,,,,,
g_Oceanobacillus,31245,104,9.110901598,0.001942483,,,,,
g_Lysobacter,33252,142,9.10521502,0.001941271,,,,,
g_Nonlabens,56931,241,9.054187745,0.001930392,,,,,
g_Gottschalkia,30543,88,9.0458011,0.001928604,,,,,
g_Mycobacterium,98913,132,9.002484734,0.001919368,,,,,
g_Oscillatoria,26973,137,8.98834449,0.001916354,,,,,
g_Brevundimonas,65271,117,8.943031188,0.001906693,,,,,
g_Fluviicola,32733,88,8.892382947,0.001895894,,,,,
g_Methanobacterium,13119,68,8.830020442,0.001882598,,,,,
g_Methanobrevibacter,41487,119,8.793197281,0.001874747,,,,,
g_Lentivirus,16155,128,8.659075131,0.001846152,,,,,
g_Thermincola,16479,168,8.651868594,0.001844616,,,,,
g_Veillonella,20718,85,8.610019617,0.001835693,,,,,
g_Calditerrivibrio,33041,92,8.607719225,0.001835203,,,,,
g_Bosea,41385,105,8.582428367,0.001829811,,,,,
g_Agrobacterium,55083,119,8.457907417,0.001803262,,,,,
g_Alteromonas,53898,121,8.454241879,0.001802481,,,,,
g_Microcystis,25053,150,8.430078837,0.001797329,,,,,
g_Novosphingobium,68492,125,8.404812241,0.001791942,,,,,
g_Brevibacterium,20130,111,8.388542021,0.001788473,,,,,
g_Actinomyces,45152,66,8.363987042,0.001783238,,,,,
g_Zunongwangia,24693,132,8.265526004,0.001762246,,,,,
g_Candidatus Arthromitus,53478,84,8.165063212,0.001740827,,,,,
g_Rhodoluna,2244,76,8.162929268,0.001740372,,,,,
g_Planococcus,63768,118,8.159650804,0.001739673,,,,,
g_Kytococcus,25953,86,8.090043632,0.001724832,,,,,
g_Actinobacillus,25422,108,7.950509706,0.001695083,,,,,
g_Sinorhizobium,36128,88,7.92026761,0.001688635,,,,,
g_Desulfobacula,12345,166,7.841814926,0.001671909,,,,,
g_Photobacterium,5883,129,7.826965947,0.001668743,,,,,
g_Sebaldella,20967,110,7.788844989,0.001660615,,,,,
g_Porphyrobacter,9309,95,7.746652127,0.00165162,,,,,
g_Gillisia,30240,81,7.738537834,0.00164989,,,,,
g_Leptospirillum,9795,117,7.710795811,0.001643975,,,,,
g_Dehalococcoides,3882,112,7.704222683,0.001642573,,,,,
g_Limnohabitans,32565,123,7.643903163,0.001629713,,,,,
g_Liberibacter,21204,35,7.620771045,0.001624781,,,,,
g_Megamonas,64635,98,7.612106827,0.001622934,,,,,
g_Methanohalophilus,4308,96,7.565285296,0.001612951,,,,,
g_Erysipelothrix,26253,58,7.558168545,0.001611434,,,,,
g_Desulfurivibrio,17544,94,7.546008805,0.001608842,,,,,
g_Cyanothece,37722,99,7.517211567,0.001602702,,,,,
g_Cedecea,36327,89,7.495675076,0.00159811,,,,,
g_Cloacibacillus,13359,155,7.391941338,0.001575994,,,,,
g_Hyphomonas,16338,129,7.275283001,0.001551122,,,,,
g_Delftia,65235,102,7.245073112,0.001544681,,,,,
g_Halobacteroides,43848,90,7.221643759,0.001539685,,,,,
g_Robiginitalea,25086,65,7.215077348,0.001538285,,,,,
g_Fervidobacterium,29499,143,7.174564534,0.001529648,,,,,
g_Arachidicoccus,39819,87,7.15168912,0.001524771,,,,,
g_Ochrobactrum,13353,64,7.075619712,0.001508553,,,,,
g_Bifidobacterium,31639,90,7.0706759,0.001507498,,,,,
g_Synechococcus,34872,112,7.052540885,0.001503632,,,,,
g_Flavonifractor,19698,88,7.049455968,0.001502974,,,,,
g_Bartonella,73422,121,7.035583367,0.001500017,,,,,
g_Leptotrichia,54657,88,7.009010808,0.001494351,,,,,
g_Melissococcus,36300,86,7.002201477,0.001492899,,,,,
g_Betacoronavirus,2439,68,6.970069701,0.001486049,,,,,
g_Arsenophonus,40101,116,6.906650592,0.001472528,,,,,
g_Edwardsiella,13785,100,6.866998292,0.001464074,,,,,
g_Flavisolibacter,51362,162,6.767108206,0.001442777,,,,,
g_Arthrobacter,23046,109,6.758592472,0.001440961,,,,,
g_Methylophilus,24996,134,6.751405724,0.001439429,,,,,
g_Ilumatobacter,3411,69,6.726954988,0.001434216,,,,,
g_Herbinix,34618,65,6.711703248,0.001430964,,,,,
g_Pseudothermotoga,17046,80,6.672195993,0.001422541,,,,,
g_Legionella,68226,102,6.656297251,0.001419151,,,,,
g_Chlorobium,36791,86,6.607067941,0.001408655,,,,,
g_Haloferax,24249,98,6.601744119,0.00140752,,,,,
g_Clavibacter,12471,80,6.582403708,0.001403397,,,,,
g_Thalassospira,8538,68,6.577147483,0.001402276,,,,,
g_Polaromonas,31104,51,6.516435086,0.001389332,,,,,
g_Arcanobacterium,7776,87,6.375642311,0.001359314,,,,,
g_Martelella,20376,142,6.324771811,0.001348469,,,,,
g_Micromonospora,28200,51,6.306252603,0.00134452,,,,,
g_Peptoniphilus,8361,71,6.265473329,0.001335826,,,,,
g_Ensifer,26945,90,6.24921406,0.001332359,,,,,
g_Mycolicibacterium,43616,86,6.243477589,0.001331136,,,,,
g_Octadecabacter,4092,32,6.207108731,0.001323382,,,,,
g_Thauera,14811,79,6.136067273,0.001308236,,,,,
g_Haematospirillum,7533,58,6.121680043,0.001305168,,,,,
g_Cylindrospermum,7521,64,5.981710916,0.001275326,,,,,
g_Turicibacter,13263,67,5.92647028,0.001263549,,,,,
g_Shigella,27156,47,5.924488947,0.001263127,,,,,
g_Gluconobacter,15891,110,5.909295493,0.001259887,,,,,
g_Moorea,19556,74,5.898859346,0.001257662,,,,,
g_Endozoicomonas,7464,44,5.884265202,0.001254551,,,,,
g_Thermobacillus,2961,54,5.792434474,0.001234972,,,,,
g_Mitsuaria,25495,76,5.777799781,0.001231852,,,,,
g_Riemerella,29010,82,5.542129986,0.001181606,,,,,
g_Nitrosomonas,46356,115,5.51077125,0.00117492,,,,,
g_Grimontia,3861,84,5.439005439,0.001159619,,,,,
g_Sulfurospirillum,26559,63,5.340855977,0.001138693,,,,,
g_Actinoplanes,22602,103,5.338025049,0.00113809,,,,,
g_Pelobacter,2700,86,5.308641975,0.001131825,,,,,
g_Anaerococcus,18710,74,5.306100214,0.001131283,,,,,
g_Muricauda,16626,77,5.292122523,0.001128303,,,,,
g_Nitrosopumilus,17826,78,5.279870335,0.001125691,,,,,
g_Catenulispora,6192,21,5.237378308,0.001116632,,,,,
g_Pseudanabaena,1299,24,5.077869389,0.001082624,,,,,
g_Moritella,10677,46,5.068891994,0.00108071,,,,,
g_Gallibacterium,21045,83,5.067130868,0.001080334,,,,,
g_Alloactinosynnema,3546,63,5.062412926,0.001079328,,,,,
g_Deferribacter,35124,91,5.015414513,0.001069308,,,,,
g_Erwinia,19833,72,5.005674343,0.001067231,,,,,
g_Desulfuromonas,10563,77,4.970734372,0.001059782,,,,,
g_Chlorovirus,11568,101,4.953035409,0.001056008,,,,,
g_Sulfobacillus,4479,93,4.94833853,0.001055007,,,,,
g_Pediococcus,57963,60,4.870201486,0.001038348,,,,,
g_Sporosarcina,18114,69,4.847862349,0.001033585,,,,,
g_Candidatus Phytoplasma,23103,44,4.842293167,0.001032398,,,,,
g_Methanotorris,3942,76,4.819888382,0.001027621,,,,,
g_Mucinivorans,35376,102,4.818152575,0.001027251,,,,,
g_Desulfococcus,8562,31,4.774030488,0.001017844,,,,,
g_Lacinutrix,27987,65,4.765656119,0.001016058,,,,,
g_Rickettsia,40245,60,4.655199274,0.000992508,,,,,
g_Syntrophobotulus,7098,66,4.641358287,0.000989558,,,,,
g_Cyanobacterium,17286,44,4.595725447,0.000979828,,,,,
g_Fimbriimonas,17571,131,4.593206054,0.000979291,,,,,
g_Methylibium,19752,68,4.583687819,0.000977262,,,,,
g_Actinoalloteichus,2526,27,4.538555495,0.00096764,,,,,
g_Alicycliphilus,36738,56,4.486163837,0.000956469,,,,,
g_Brevibacillus,18045,53,4.478259117,0.000954784,,,,,
g_Sulfurihydrogenibium,20181,61,4.418412274,0.000942024,,,,,
g_Desulfarculus,6417,62,4.409952824,0.000940221,,,,,
g_Rhodoplanes,21495,53,4.35739002,0.000929014,,,,,
g_Ramlibacter,53553,83,4.356425107,0.000928809,,,,,
g_Candidatus Gullanella,8064,51,4.338087002,0.000924899,,,,,
g_Anabaena,31941,53,4.28267503,0.000913085,,,,,
g_Haloquadratum,5073,19,4.258170538,0.00090786,,,,,
g_Thioalkalivibrio,15177,62,4.232949406,0.000902483,,,,,
g_Colwellia,17853,48,4.23014789,0.000901886,,,,,
g_Sandaracinus,2523,57,4.225384852,0.00090087,,,,,
g_Waddlia,3149,35,4.18721009,0.000892731,,,,,
g_Janthinobacterium,22818,57,4.165008421,0.000887998,,,,,
g_Pasteurella,13620,40,4.143108859,0.000883329,,,,,
g_Prosthecochloris,10074,66,4.115691843,0.000877483,,,,,
g_Trichormus,23676,59,4.115137063,0.000877365,,,,,
g_Methylococcus,12528,77,4.097488293,0.000873602,,,,,
g_Sorangium,12789,79,4.086137941,0.000871182,,,,,
g_Ehrlichia,58680,81,4.049955495,0.000863468,,,,,
g_Rathayibacter,1890,64,4.027736347,0.000858731,,,,,
g_Oleispira,207,10,4.025764895,0.00085831,,,,,
g_Akkermansia,21947,106,4.025569018,0.000858269,,,,,
g_Piscirickettsia,17301,46,4.021417581,0.000857384,,,,,
g_Steroidobacter,11946,79,3.982779764,0.000849146,,,,,
g_Ferroplasma,1047,50,3.979624323,0.000848473,,,,,
g_Olsenella,3354,35,3.975592374,0.000847613,,,,,
g_Carboxydothermus,5277,31,3.972121288,0.000846873,,,,,
g_Achromobacter,38649,73,3.959529866,0.000844189,,,,,
g_Methanococcus,51317,76,3.950790724,0.000842326,,,,,
g_Methanothermus,8055,79,3.943878368,0.000840852,,,,,
g_Salmonella,35958,106,3.937028635,0.000839391,,,,,
g_Pseudopedobacter,43869,44,3.84572223,0.000819925,,,,,
g_Phenylobacterium,19020,58,3.817934388,0.000814,,,,,
g_Calothrix,14184,53,3.811480854,0.000812624,,,,,
g_Wenyingzhuangia,42921,60,3.788432224,0.00080771,,,,,
g_Leisingera,5598,39,3.761649077,0.000802,,,,,
g_Candidatus Ruthia,5115,28,3.739602752,0.000797299,,,,,
g_Devosia,23979,47,3.733881083,0.000796079,,,,,
g_Thioploca,8226,15,3.70320922,0.00078954,,,,,
g_Heliobacillus,2574,57,3.690753691,0.000786885,,,,,
g_Paracoccus,14613,30,3.684968813,0.000785651,,,,,
g_Dialister,24480,47,3.664041635,0.000781189,,,,,
g_Mannheimia,26751,47,3.642836126,0.000776668,,,,,
g_Heliobacterium,7548,50,3.616757323,0.000771108,,,,,
g_Photorhabdus,21216,56,3.610594145,0.000769794,,,,,
g_Snodgrassella,10980,42,3.596736324,0.00076684,,,,,
g_Marichromatium,936,39,3.472222222,0.000740293,,,,,
g_Gynuella,25737,73,3.463498428,0.000738433,,,,,
g_Thalassolituus,6033,78,3.454962778,0.000736613,,,,,
g_Bernardetia,29115,51,3.411638809,0.000727376,,,,,
g_Ardenticatena,9972,50,3.366047896,0.000717656,,,,,
g_Phaeobacter,27114,59,3.364127767,0.000717246,,,,,
g_Aurantimicrobium,2382,48,3.350436244,0.000714327,,,,,
g_Candidatus Kinetoplastibacterium,39942,55,3.349713386,0.000714173,,,,,
g_Wenzhouxiangella,11316,135,3.325002046,0.000708905,,,,,
g_Finegoldia,16207,59,3.311523185,0.000706031,,,,,
g_Psychrobacter,40704,51,3.308096125,0.0007053,,,,,
g_Agarivorans,5013,35,3.216291124,0.000685727,,,,,
g_Erythrobacter,27067,54,3.209037758,0.000684181,,,,,
g_Tepidanaerobacter,29850,51,3.161061013,0.000673952,,,,,
g_Thiomonas,15384,39,3.117590322,0.000664684,,,,,
g_Arthrospira,3135,26,3.113503503,0.000663812,,,,,
g_Aminobacter,16440,40,3.10014826,0.000660965,,,,,
g_Blastomonas,7377,35,3.081043684,0.000656892,,,,,
g_Hydrogenobaculum,15978,90,3.048738311,0.000650004,,,,,
g_Stanieria,20259,49,3.029869397,0.000645981,,,,,
g_Geobacillus,30063,41,3.025546606,0.00064506,,,,,
g_Denitrovibrio,14558,20,3.005698179,0.000640828,,,,,
g_Sphingorhabdus,11529,91,3.001934041,0.000640025,,,,,
g_Neorhizobium,16318,45,2.982580293,0.000635899,,,,,
g_Oligotropha,19851,33,2.965480288,0.000632253,,,,,
g_Pelodictyon,60849,70,2.938980122,0.000626603,,,,,
g_Leptothrix,22434,46,2.900614946,0.000618424,,,,,
g_Ignavibacterium,21621,63,2.892503077,0.000616694,,,,,
g_Faecalitalea,8517,37,2.882238038,0.000614506,,,,,
g_Marmoricola,3222,16,2.873488068,0.00061264,,,,,
g_Syntrophus,5079,31,2.872808384,0.000612495,,,,,
g_Borreliella,23673,48,2.816796178,0.000600553,,,,,
g_Stigmatella,18612,88,2.809349685,0.000598965,,,,,
g_Terriglobus,29472,42,2.800078864,0.000596989,,,,,
g_Croceibacter,13443,43,2.777195781,0.00059211,,,,,
g_Acetobacter,18924,84,2.715804653,0.000579021,,,,,
g_Desulfatibacillum,6261,40,2.715283885,0.00057891,,,,,
g_Weeksella,16377,36,2.707638685,0.00057728,,,,,
g_Chroococcidiopsis,10536,58,2.69593269,0.000574784,,,,,
g_Candidatus Kuenenia,15270,98,2.680622136,0.00057152,,,,,
g_Meiothermus,17407,29,2.653366051,0.000565709,,,,,
g_Aggregatibacter,8154,51,2.641280808,0.000563132,,,,,
g_Chamaesiphon,12975,52,2.631024826,0.000560946,,,,,
g_Alcanivorax,12741,41,2.599155089,0.000554151,,,,,
g_Salinicoccus,9147,40,2.585230275,0.000551182,,,,,
g_Opitutus,15726,42,2.58131156,0.000550347,,,,,
g_Anaeromyxobacter,5564,30,2.565634964,0.000547004,,,,,
g_Lentibacillus,4311,22,2.538477334,0.000541214,,,,,
g_Candidatus Desulfofervidus,10107,48,2.536030427,0.000540693,,,,,
g_Yangia,5451,19,2.52849802,0.000539087,,,,,
g_Simkania,1998,12,2.505959424,0.000534281,,,,,
g_Methanosphaera,3759,46,2.455896428,0.000523608,,,,,
g_Candidatus Sulcia,14244,17,2.403786296,0.000512498,,,,,
g_Desulfobulbus,5979,32,2.400120886,0.000511716,,,,,
g_Pusillimonas,3282,47,2.386756043,0.000508867,,,,,
g_Roseateles,11622,21,2.376500745,0.00050668,,,,,
g_Flexistipes,31026,51,2.366419359,0.000504531,,,,,
g_Pseudoxanthomonas,22548,47,2.360697056,0.000503311,,,,,
g_Xylella,14547,38,2.359994575,0.000503161,,,,,
g_Sulfurisphaera,6000,27,2.343628024,0.000499672,,,,,
g_Chloroherpeton,642,18,2.336448598,0.000498141,,,,,
g_Nocardia,14880,27,2.330606049,0.000496895,,,,,
g_Candidatus Walczuchella,5154,36,2.32709002,0.000496146,,,,,
g_Alicyclobacillus,5847,10,2.314211639,0.0004934,,,,,
g_Thermosipho,10614,25,2.298211461,0.000489989,,,,,
g_Persephonella,4563,34,2.287398867,0.000487683,,,,,
g_Candidatus Blochmannia,20373,29,2.286703786,0.000487535,,,,,
g_Candidatus Pelagibacter,7281,50,2.281908854,0.000486513,,,,,
g_Verminephrobacter,6054,25,2.278534712,0.000485793,,,,,
g_Pseudovibrio,7419,39,2.266650314,0.00048326,,,,,
g_Chromobacterium,12096,33,2.218483936,0.00047299,,,,,
g_Mycobacteroides,8529,20,2.215503955,0.000472355,,,,,
g_Algibacter,18780,32,2.187031529,0.000466285,,,,,
g_Desulfomicrobium,3873,37,2.165744317,0.000461746,,,,,
g_Pseudohongiella,4329,21,2.163729527,0.000461316,,,,,
g_Methanothermococcus,6516,34,2.124074939,0.000452862,,,,,
g_Agromyces,13827,19,2.082851716,0.000444073,,,,,
g_Spirochaeta,14115,40,2.06919436,0.000441161,,,,,
g_Flexibacter,5868,48,2.044989775,0.000436001,,,,,
g_Candidatus Methylopumilus,15156,26,2.039604251,0.000434852,,,,,
g_Ureaplasma,17568,61,2.02763592,0.000432301,,,,,
g_Geminocystis,34194,36,2.022777652,0.000431265,,,,,
g_Thermotoga,14391,34,2.01809372,0.000430266,,,,,
g_Kurthia,21942,33,1.992110127,0.000424726,,,,,
g_Epibacterium,2427,29,1.991233074,0.000424539,,,,,
g_Desulfurobacterium,17376,47,1.964592,0.000418859,,,,,
g_Aliivibrio,19155,59,1.953012528,0.000416391,,,,,
g_Mageeibacillus,14859,21,1.948283289,0.000415382,,,,,
g_Terrabacter,2002,13,1.941020854,0.000413834,,,,,
g_Halothece,4659,17,1.931681501,0.000411843,,,,,
g_Sulfuricaulis,8682,34,1.900264549,0.000405145,,,,,
g_Natronobacterium,2814,32,1.895285477,0.000404083,,,,,
g_Chloroflexus,1524,17,1.859142607,0.000396377,,,,,
g_Hepatovirus,3276,73,1.856939357,0.000395907,,,,,
g_Methylophaga,6342,11,1.848665053,0.000394143,,,,,
g_Rubrobacter,1263,28,1.847453154,0.000393885,,,,,
g_Histophilus,19074,19,1.840753645,0.000392457,,,,,
g_Endomicrobium,16145,22,1.84019739,0.000392338,,,,,
g_Wigglesworthia,21153,42,1.838876676,0.000392056,,,,,
g_Candidatus Nitrosotalea,4581,9,1.8280508,0.000389748,,,,,
g_Nitrosococcus,14181,29,1.792535211,0.000382176,,,,,
g_Belliella,10515,15,1.792015928,0.000382065,,,,,
g_Maricaulis,1755,37,1.75688509,0.000374575,,,,,
g_Blastococcus,10062,17,1.755120284,0.000374199,,,,,
g_Methanocella,8739,57,1.755061061,0.000374187,,,,,
g_Thiolapillus,9876,53,1.733098875,0.000369504,,,,,
g_Gemella,15417,16,1.716436981,0.000365952,,,,,
g_Starkeya,5559,29,1.712813932,0.000365179,,,,,
g_Thermus,12150,18,1.705236416,0.000363564,,,,,
g_Sinomonas,4497,8,1.693061838,0.000360968,,,,,
g_Hirschia,5304,12,1.667250084,0.000355465,,,,,
g_Pleurocapsa,9038,14,1.636385771,0.000348884,,,,,
g_Lelliottia,8889,27,1.605900066,0.000342385,,,,,
g_Phlebovirus,894,17,1.58463833,0.000337852,,,,,
g_Thiobacillus,7182,15,1.557022475,0.000331964,,,,,
g_Betalipothrixvirus,2262,42,1.547303271,0.000329892,,,,,
g_Leeuwenhoekiella,216,2,1.543209877,0.000329019,,,,,
g_Candidatus Amoebophilus,21555,71,1.503943487,0.000320647,,,,,
g_Siansivirga,15873,31,1.496179587,0.000318992,,,,,
g_Defluviitoga,17574,27,1.489653229,0.0003176,,,,,
g_Leifsonia,15440,26,1.484922168,0.000316592,,,,,
g_Brachybacterium,16209,19,1.479391427,0.000315413,,,,,
g_Crinalium,13668,26,1.475500853,0.000314583,,,,,
g_Curvibacter,10236,19,1.460341986,0.000311351,,,,,
g_Amphibacillus,9426,15,1.447321502,0.000308575,,,,,
g_Microbulbifer,25158,23,1.445787765,0.000308248,,,,,
g_Thermodesulfobium,6657,23,1.439798207,0.000306971,,,,,
g_Methanomethylovorans,8736,30,1.423572722,0.000303512,,,,,
g_Petrotoga,4773,27,1.402437545,0.000299006,,,,,
g_Psychroflexus,14793,27,1.400901073,0.000298678,,,,,
g_Dickeya,19689,36,1.370978632,0.000292299,,,,,
g_Candidatus Portiera,4641,21,1.347042882,0.000287195,,,,,
g_Pseudogulbenkiania,1119,18,1.340482574,0.000285797,,,,,
g_Rubrivivax,7038,10,1.337090478,0.000285073,,,,,
g_Gardnerella,16443,50,1.320748798,0.000281589,,,,,
g_Saccharophagus,9900,31,1.316927443,0.000280775,,,,,
g_Glutamicibacter,5148,17,1.315360704,0.000280441,,,,,
g_Aquibacillus,3810,30,1.312335958,0.000279796,,,,,
g_Dinoroseobacter,2550,10,1.289454184,0.000274917,,,,,
g_Dictyoglomus,21471,24,1.284267459,0.000273811,,,,,
g_Methanocaldococcus,16632,17,1.280635129,0.000273037,,,,,
g_Parvimonas,14736,28,1.254043799,0.000267368,,,,,
g_Aparavirus,1332,10,1.251251251,0.000266772,,,,,
g_Candidatus Hepatoplasma,6444,23,1.24816174,0.000266113,,,,,
g_Lawsonia,46842,25,1.243440107,0.000265107,,,,,
g_Komagataeibacter,7752,23,1.23473199,0.00026325,,,,,
g_Sphaerobacter,2787,41,1.225929913,0.000261374,,,,,
g_Geoalkalibacter,4086,20,1.223690651,0.000260896,,,,,
g_Nitrosospira,2667,10,1.20961536,0.000257895,,,,,
g_Salinispora,7014,26,1.208834549,0.000257729,,,,,
g_Lacunisphaera,8910,18,1.201418568,0.000256148,,,,,
g_Kutzneria,1611,10,1.190927321,0.000253911,,,,,
g_Begomovirus,3930,28,1.185310948,0.000252713,,,,,
g_Tetragenococcus,27573,17,1.173214025,0.000250134,,,,,
g_Allofrancisella,7572,16,1.155892418,0.000246441,,,,,
g_Rhadinovirus,2247,11,1.149687833,0.000245118,,,,,
g_Cryobacterium,6492,10,1.147178649,0.000244583,,,,,
g_Pirellula,2478,14,1.143914389,0.000243887,,,,,
g_Neorickettsia,3435,28,1.133829243,0.000241737,,,,,
g_Staphylothermus,4908,21,1.126365802,0.000240146,,,,,
g_Acetohalobium,9945,11,1.112615079,0.000237214,,,,,
g_Jeongeupia,4517,22,1.104924467,0.000235575,,,,,
g_Chelatococcus,14637,16,1.100946965,0.000234727,,,,,
g_Azospira,9447,16,1.074449601,0.000229077,,,,,
g_Beutenbergia,2604,16,1.057630907,0.000225491,,,,,
g_Kibdelosporangium,13311,16,1.047287114,0.000223286,,,,,
g_Sulfurovum,6306,8,1.038037525,0.000221314,,,,,
g_Halobacteriovorax,3524,6,1.036776337,0.000221045,,,,,
g_Glaciecola,2712,11,1.035106935,0.000220689,,,,,
g_Gallionella,7254,10,1.030180418,0.000219639,,,,,
g_Phycisphaera,1216,4,1.02414132,0.000218351,,,,,
g_Methylacidiphilum,2601,5,1.011608086,0.000215679,,,,,
g_Acaryochloris,6282,14,1.010764459,0.000215499,,,,,
g_Ohtaekwangia,330,2,1.01010101,0.000215358,,,,,
g_Methanococcoides,3291,15,0.998545354,0.000212894,,,,,
g_Gordonia,19044,17,0.998521551,0.000212889,,,,,
g_Advenella,6546,12,0.989962594,0.000211064,,,,,
g_Rhodanobacter,3966,17,0.987381972,0.000210514,,,,,
g_Salimicrobium,2634,6,0.974792751,0.00020783,,,,,
g_Herbaspirillum,19107,23,0.969968816,0.000206802,,,,,
g_Pluralibacter,10668,17,0.967809968,0.000206341,,,,,
g_Sphaerochaeta,27999,20,0.964846465,0.000205709,,,,,
g_Microvirga,16305,20,0.960943451,0.000204877,,,,,
g_Caldanaerobacter,18432,24,0.960433447,0.000204769,,,,,
g_Marinobacterium,5553,10,0.957280345,0.000204096,,,,,
g_Candidatus Thioglobus,11529,21,0.952211298,0.000203016,,,,,
g_Hyphomicrobium,15480,17,0.94534683,0.000201552,,,,,
g_Sulfurifustis,2892,23,0.942767322,0.000201002,,,,,
g_Isavirus,708,4,0.941619586,0.000200757,,,,,
g_Gemmata,14754,20,0.938099305,0.000200007,,,,,
g_Nautilia,13668,19,0.936164939,0.000199594,,,,,
g_Sneathia,11970,19,0.933315111,0.000198987,,,,,
g_Cycloclasticus,6141,13,0.932820744,0.000198881,,,,,
g_Halothiobacillus,6624,11,0.923275731,0.000196846,,,,,
g_Thermosulfidibacter,13218,13,0.92081196,0.000196321,,,,,
g_Planctopirus,4080,20,0.919714155,0.000196087,,,,,
g_Woeseia,6252,20,0.916105738,0.000195318,,,,,
g_Kosakonia,14805,16,0.916081465,0.000195313,,,,,
g_Magnetospirillum,15429,17,0.910393295,0.0001941,,,,,
g_Thermodesulfobacterium,7401,11,0.909816826,0.000193977,,,,,
g_Agrococcus,4923,12,0.901272511,0.000192155,,,,,
g_Sediminicola,3756,14,0.89833166,0.000191528,,,,,
g_Dechloromonas,18793,19,0.896734087,0.000191188,,,,,
g_Methanomassiliicoccus,10713,30,0.877236168,0.000187031,,,,,
g_Arsenicicoccus,1140,6,0.877192982,0.000187021,,,,,
g_Jiangella,10041,12,0.874697758,0.000186489,,,,,
g_Desulfocapsa,13230,22,0.874678761,0.000186485,,,,,
g_Nitratifractor,1428,5,0.867299349,0.000184912,,,,,
g_Herminiimonas,9810,15,0.860920494,0.000183552,,,,,
g_Hydrogenovibrio,7929,12,0.856861991,0.000182687,,,,,
g_Acidaminococcus,7281,17,0.855225128,0.000182338,,,,,
g_Candidatus Hamiltonella,2616,5,0.845664623,0.000180299,,,,,
g_Candidatus Atelocyanobacterium,8106,20,0.844480848,0.000180047,,,,,
g_Halothermothrix,7083,12,0.841567464,0.000179426,,,,,
g_Zymomonas,9714,7,0.838326928,0.000178735,,,,,
g_Brucella,6432,12,0.832183149,0.000177425,,,,,
g_Xanthobacter,11646,13,0.828342036,0.000176606,,,,,
g_Basfia,1008,10,0.826719577,0.00017626,,,,,
g_Desulfurella,6660,7,0.823536069,0.000175581,,,,,
g_Azorhizobium,10203,10,0.816666796,0.000174117,,,,,
g_Rhodoferax,15741,23,0.816130378,0.000174003,,,,,
g_Haloterrigena,3663,13,0.81549777,0.000173868,,,,,
g_Trichodesmium,9804,9,0.808918967,0.000172465,,,,,
g_Streptobacillus,16941,13,0.80240828,0.000171077,,,,,
g_Jeotgalibacillus,4053,5,0.801484984,0.00017088,,,,,
g_Sanguibacter,1041,10,0.800512328,0.000170673,,,,,
g_Gluconacetobacter,7134,8,0.797592353,0.00017005,,,,,
g_Fructobacillus,420,2,0.793650794,0.00016921,,,,,
g_Rummeliibacillus,12681,10,0.789987483,0.000168429,,,,,
g_Pseudarthrobacter,14517,24,0.789979336,0.000168427,,,,,
g_Methanocorpusculum,8400,16,0.788768279,0.000168169,,,,,
g_Paraglaciecola,8448,9,0.783330157,0.000167009,,,,,
g_Marinithermus,3246,17,0.780453338,0.000166396,,,,,
g_Coxiella,4647,22,0.757902356,0.000161588,,,,,
g_Macrococcus,7107,8,0.745907506,0.000159031,,,,,
g_Leclercia,9081,11,0.742860393,0.000158381,,,,,
g_Gloeocapsa,4221,12,0.736605585,0.000157047,,,,,
g_Saprospira,5077,7,0.729244553,0.000155478,,,,,
g_Glaesserella,7101,10,0.729208003,0.00015547,,,,,
g_Marinovum,4287,8,0.728093666,0.000155233,,,,,
g_Sunxiuqinia,1155,3,0.721500722,0.000153827,,,,,
g_Closterovirus,117,1,0.712250712,0.000151855,,,,,
g_Rhodospirillum,4707,10,0.710785315,0.000151542,,,,,
g_Dermabacter,942,8,0.707714084,0.000150888,,,,,
g_Alphainfluenzavirus,5403,6,0.690667909,0.000147253,,,,,
g_Nakamurella,6549,9,0.68400195,0.000145832,,,,,
g_Stappia,4941,9,0.671394976,0.000143144,,,,,
g_Oscillibacter,12723,21,0.666977647,0.000142203,,,,,
g_Kineococcus,4221,8,0.664414728,0.000141656,,,,,
g_Actinotignum,828,3,0.662057899,0.000141154,,,,,
g_Elusimicrobium,4401,9,0.661907365,0.000141121,,,,,
g_Desulfomonile,7569,5,0.660199691,0.000140757,,,,,
g_Virgibacillus,14031,10,0.658648504,0.000140427,,,,,
g_Microcoleus,6255,18,0.653371339,0.000139302,,,,,
g_Intrasporangium,1875,4,0.644178982,0.000137342,,,,,
g_Bc431virus,6059,10,0.643706139,0.000137241,,,,,
g_Stackebrandtia,15537,17,0.640904385,0.000136644,,,,,
g_Pragia,19611,15,0.637772917,0.000135976,,,,,
g_Dermacoccus,1299,5,0.632581075,0.000134869,,,,,
g_Methanoregula,4512,9,0.626407836,0.000133553,,,,,
g_Mycolicibacter,5805,6,0.624543909,0.000133155,,,,,
g_Shinella,11724,9,0.621138992,0.00013243,,,,,
g_Thermoplasma,2418,9,0.620347395,0.000132261,,,,,
g_Nitrososphaera,9555,26,0.619292922,0.000132036,,,,,
g_Cyanobium,6909,11,0.615869908,0.000131306,,,,,
g_Sulfolobus,7428,7,0.615747452,0.00013128,,,,,
g_Pyrococcus,4908,7,0.615647013,0.000131259,,,,,
g_Aequorivita,2697,6,0.611172976,0.000130305,,,,,
g_Curtobacterium,5566,5,0.60763843,0.000129551,,,,,
g_Methyloversatilis,3186,8,0.602296445,0.000128412,,,,,
g_Dokdonella,1719,6,0.596748483,0.000127229,,,,,
g_Cellulomonas,621,2,0.595484673,0.00012696,,,,,
g_Faecalibaculum,7083,7,0.593666652,0.000126572,,,,,
g_Hippea,6165,11,0.590990729,0.000126002,,,,,
g_Rhodomicrobium,8892,8,0.588875701,0.000125551,,,,,
g_Aciduliprofundum,3480,7,0.587537238,0.000125265,,,,,
g_Microterricola,7197,10,0.587534465,0.000125265,,,,,
g_Luteipulveratus,2790,7,0.582207984,0.000124129,,,,,
g_Candidatus Brownia,144,1,0.578703704,0.000123382,,,,,
g_Salinispira,864,3,0.578703704,0.000123382,,,,,
g_Syntrophobacter,13197,6,0.575702929,0.000122742,,,,,
g_Thermodesulfatator,8568,9,0.574374201,0.000122459,,,,,
g_Frankia,15870,10,0.573181216,0.000122205,,,,,
g_Magnetococcus,147,1,0.566893424,0.000120864,,,,,
g_Phaeovirus,2949,5,0.565735296,0.000120617,,,,,
g_Symbiobacterium,1800,2,0.565278343,0.00012052,,,,,
g_Candidatus Accumulibacter,9879,10,0.557105838,0.000118777,,,,,
g_Granulicella,4797,6,0.555485292,0.000118432,,,,,
g_Citromicrobium,6381,6,0.554275333,0.000118174,,,,,
g_Methylocella,1770,5,0.54920667,0.000117093,,,,,
g_Lacimicrobium,10947,13,0.54168563,0.00011549,,,,,
g_Mesotoga,468,3,0.534188034,0.000113891,,,,,
g_Adlercreutzia,3522,15,0.533022591,0.000113643,,,,,
g_Candidatus Profftella,2397,4,0.518825144,0.000110616,,,,,
g_Pimelobacter,5682,9,0.516245412,0.000110066,,,,,
g_Providencia,11268,9,0.509061975,0.000108534,,,,,
g_Alcaligenes,13434,12,0.504218847,0.000107502,,,,,
g_Sulfuritalea,7017,9,0.502773942,0.000107194,,,,,
g_Peptoclostridium,2442,4,0.500862018,0.000106786,,,,,
g_Methanoculleus,2976,6,0.500231513,0.000106652,,,,,
g_Thermacetogenium,4617,10,0.498607014,0.000106305,,,,,
g_Acidiphilium,3906,5,0.495805292,0.000105708,,,,,
g_Candidatus Evansia,5496,8,0.480619687,0.00010247,,,,,
g_Candidatus Babela,16014,10,0.47373134,0.000101002,,,,,
g_Microlunatus,3153,11,0.471355777,0.000100495,,,,,
g_Candidatus Cloacimonas,10431,10,0.470478701,0.000100308,,,,,
g_Acidithiobacillus,10563,14,0.457775441,9.76E-05,,,,,
g_Methylomicrobium,7272,5,0.454595692,9.69E-05,,,,,
g_Azotobacter,4647,5,0.451922798,9.64E-05,,,,,
g_Sediminispirochaeta,2226,5,0.447238683,9.54E-05,,,,,
g_Tenacibaculum,7488,7,0.445446943,9.50E-05,,,,,
g_Halotalea,12618,10,0.444440746,9.48E-05,,,,,
g_Salinibacter,189,1,0.440917108,9.40E-05,,,,,
g_Labrenzia,18750,12,0.437001286,9.32E-05,,,,,
g_Nocardiopsis,4707,6,0.436629939,9.31E-05,,,,,
g_Candidatus Carsonella,9828,11,0.43372219,9.25E-05,,,,,
g_Saccharothrix,1929,10,0.432002765,9.21E-05,,,,,
g_Cobetia,5991,6,0.431026617,9.19E-05,,,,,
g_Shimwellia,17172,22,0.42705179,9.10E-05,,,,,
g_Singulisphaera,6384,11,0.425846661,9.08E-05,,,,,
g_Taylorella,16182,10,0.422802153,9.01E-05,,,,,
g_Parageobacillus,2298,5,0.421901946,9.00E-05,,,,,
g_Dactylococcopsis,4746,6,0.419054134,8.93E-05,,,,,
g_Pandoravirus,201,1,0.414593698,8.84E-05,,,,,
g_Gilliamella,8760,7,0.412125144,8.79E-05,,,,,
g_Epulopiscium,204,1,0.408496732,8.71E-05,,,,,
g_Mesoplasma,12870,10,0.408239203,8.70E-05,,,,,
g_Marivirga,17379,9,0.407564198,8.69E-05,,,,,
g_Kingella,1428,3,0.402485819,8.58E-05,,,,,
g_Tistrella,5654,5,0.391313441,8.34E-05,,,,,
g_Methanolobus,3225,4,0.384781655,8.20E-05,,,,,
g_Alkalilimnicola,7323,10,0.383468811,8.18E-05,,,,,
g_Beijerinckia,1572,3,0.38099271,8.12E-05,,,,,
g_Pararhodospirillum,438,2,0.380517504,8.11E-05,,,,,
g_Caldimicrobium,12954,9,0.379904056,8.10E-05,,,,,
g_Celeribacter,8898,9,0.37652419,8.03E-05,,,,,
g_Rugosibacter,2658,7,0.375861476,8.01E-05,,,,,
g_Sporobacterium,222,1,0.375375375,8.00E-05,,,,,
g_Allochromatium,4650,5,0.374119089,7.98E-05,,,,,
g_Chania,9825,6,0.367908756,7.84E-05,,,,,
g_Isoptericola,2169,3,0.367886122,7.84E-05,,,,,
g_Candidatus Nitrosopelagicus,1584,3,0.367114717,7.83E-05,,,,,
g_Geodermatophilus,5445,6,0.366647093,7.82E-05,,,,,
g_Modestobacter,2133,4,0.362986194,7.74E-05,,,,,
g_Luteimonas,2358,3,0.361421268,7.71E-05,,,,,
g_Dichelobacter,231,1,0.360750361,7.69E-05,,,,,
g_Sulfuricurvum,8910,6,0.360739616,7.69E-05,,,,,
g_Ferrimonas,9843,16,0.360263875,7.68E-05,,,,,
g_Pseudonocardia,3672,7,0.354962799,7.57E-05,,,,,
g_Cp220virus,5391,7,0.342455741,7.30E-05,,,,,
g_Franconibacter,744,3,0.336021505,7.16E-05,,,,,
g_Ledantevirus,2805,11,0.326797386,6.97E-05,,,,,
g_Ketogulonicigenium,5307,5,0.323378197,6.89E-05,,,,,
g_Idiomarina,2190,4,0.320797428,6.84E-05,,,,,
g_Lentzea,1530,3,0.318678449,6.79E-05,,,,,
g_Acidipropionibacterium,3108,5,0.306361545,6.53E-05,,,,,
g_Candidatus Symbiobacter,4743,6,0.305982094,6.52E-05,,,,,
g_Basilea,3282,4,0.302420214,6.45E-05,,,,,
g_Pa6virus,276,1,0.301932367,6.44E-05,,,,,
g_Ruegeria,6000,4,0.301048395,6.42E-05,,,,,
g_Nocardioides,4191,8,0.29719502,6.34E-05,,,,,
g_Plesiomonas,282,1,0.295508274,6.30E-05,,,,,
g_Chondromyces,1215,2,0.286376133,6.11E-05,,,,,
g_Ignisphaera,1659,2,0.283928711,6.05E-05,,,,,
g_Nodularia,1475,5,0.282485876,6.02E-05,,,,,
g_Roseibacterium,2259,4,0.275370648,5.87E-05,,,,,
g_Streptosporangium,1791,3,0.273273273,5.83E-05,,,,,
g_Kluyvera,2241,3,0.272858819,5.82E-05,,,,,
g_Moorella,4833,5,0.270457351,5.77E-05,,,,,
g_Confluentimicrobium,2250,3,0.263631687,5.62E-05,,,,,
g_Orientia,5784,5,0.262679009,5.60E-05,,,,,
g_Cp8virus,3816,6,0.262054507,5.59E-05,,,,,
g_Obesumbacterium,10290,6,0.259363231,5.53E-05,,,,,
g_Serinicoccus,3297,5,0.252016129,5.37E-05,,,,,
g_Chloracidobacterium,3153,3,0.251355999,5.36E-05,,,,,
g_Trueperella,5517,4,0.247159624,5.27E-05,,,,,
g_Fibrobacter,4506,5,0.246026108,5.25E-05,,,,,
g_Rikenella,342,1,0.243664717,5.20E-05,,,,,
g_Rhodopirellula,3024,4,0.242198819,5.16E-05,,,,,
g_Syntrophomonas,3384,4,0.24146557,5.15E-05,,,,,
g_Sodalis,1392,2,0.239463602,5.11E-05,,,,,
g_Betaentomopoxvirus,2412,3,0.233172115,4.97E-05,,,,,
g_Sideroxydans,9150,5,0.232404884,4.95E-05,,,,,
g_Roseobacter,2130,3,0.230246042,4.91E-05,,,,,
g_Bacteriovorax,1833,5,0.227314057,4.85E-05,,,,,
g_Renibacterium,1836,5,0.226942629,4.84E-05,,,,,
g_Denitrobacterium,369,1,0.225835592,4.81E-05,,,,,
g_Kangiella,17874,7,0.22149529,4.72E-05,,,,,
g_Aureimonas,1536,2,0.217133164,4.63E-05,,,,,
g_Alphaentomopoxvirus,2028,2,0.214174825,4.57E-05,,,,,
g_Pelotomaculum,1992,5,0.209170013,4.46E-05,,,,,
g_Ectothiorhodospira,2244,2,0.203225526,4.33E-05,,,,,
g_Halorhodospira,10746,5,0.203046404,4.33E-05,,,,,
g_Chivirus,5796,7,0.201288245,4.29E-05,,,,,
g_Candidatus Regiella,3330,4,0.2002002,4.27E-05,,,,,
g_Gordonibacter,843,2,0.197706603,4.22E-05,,,,,
g_Pseudodesulfovibrio,6822,4,0.197063289,4.20E-05,,,,,
g_Agatevirus,849,2,0.196309384,4.19E-05,,,,,
g_Rheinheimera,7365,4,0.188221027,4.01E-05,,,,,
g_Parachlamydia,15888,9,0.187673369,4.00E-05,,,,,
g_Methanosphaerula,8271,6,0.187414628,4.00E-05,,,,,
g_T4virus,447,1,0.186428039,3.97E-05,,,,,
g_Erysipelatoclostridium,447,1,0.186428039,3.97E-05,,,,,
g_Asaia,3204,3,0.184344095,3.93E-05,,,,,
g_Candidatus Competibacter,459,1,0.181554103,3.87E-05,,,,,
g_Peptostreptococcus,459,1,0.181554103,3.87E-05,,,,,
g_Tatlockia,2712,3,0.179587,3.83E-05,,,,,
g_Methylocystis,4215,3,0.177953518,3.79E-05,,,,,
g_Methanothrix,11205,4,0.172543669,3.68E-05,,,,,
g_Thalassotalea,3864,4,0.172532781,3.68E-05,,,,,
g_Kyrpidia,3309,3,0.170954963,3.64E-05,,,,,
g_Rhodothermus,4764,3,0.17091031,3.64E-05,,,,,
g_Croceicoccus,4725,3,0.170080577,3.63E-05,,,,,
g_Gammaretrovirus,500,1,0.166666667,3.55E-05,,,,,
g_Pseudopropionibacterium,4770,3,0.16423367,3.50E-05,,,,,
g_Candidatus Paracaedibacter,10335,7,0.161103094,3.43E-05,,,,,
g_Phycicoccus,2196,2,0.160444827,3.42E-05,,,,,
g_Jonesia,3492,3,0.159870201,3.41E-05,,,,,
g_Friedmanniella,9303,4,0.15926964,3.40E-05,,,,,
g_Thermaerobacter,4992,3,0.157787658,3.36E-05,,,,,
g_Vulgatibacter,4857,3,0.157044436,3.35E-05,,,,,
g_Marseillevirus,3216,3,0.155472637,3.31E-05,,,,,
g_Coraliomargarita,2154,2,0.154750851,3.30E-05,,,,,
g_Verrucomicrobium,1077,2,0.154750851,3.30E-05,,,,,
g_Methyloceanibacter,3165,3,0.153852225,3.28E-05,,,,,
g_Metallosphaera,3132,2,0.151177096,3.22E-05,,,,,
g_Allokutzneria,3318,3,0.150784515,3.21E-05,,,,,
g_Methanothermobacter,1128,2,0.147754137,3.15E-05,,,,,
g_Oblitimonas,2397,2,0.143149328,3.05E-05,,,,,
g_Thermobispora,594,1,0.140291807,2.99E-05,,,,,
g_Candidatus Solibacter,5538,3,0.135518233,2.89E-05,,,,,
g_Conexibacter,4521,3,0.135032203,2.88E-05,,,,,
g_Kozakia,3741,3,0.132945311,2.83E-05,,,,,
g_Pbunavirus,2617,2,0.128068857,2.73E-05,,,,,
g_Atopobium,2616,2,0.127420999,2.72E-05,,,,,
g_Candidatus Cardinium,2661,2,0.125400235,2.67E-05,,,,,
g_Haliangium,4230,3,0.1245686,2.66E-05,,,,,
g_Corallococcus,2676,2,0.124564026,2.66E-05,,,,,
g_Macavirus,2745,2,0.123974064,2.64E-05,,,,,
g_Thiocystis,6261,4,0.122603623,2.61E-05,,,,,
g_Gloeobacter,2928,2,0.122113871,2.60E-05,,,,,
g_Granulibacter,4134,3,0.120948234,2.58E-05,,,,,
g_Candidatus Ishikawaella,2802,2,0.119755565,2.55E-05,,,,,
g_Tsukamurella,11148,4,0.119602918,2.55E-05,,,,,
g_Kitasatospora,4262,3,0.11802961,2.52E-05,,,,,
g_Methanolacinia,708,1,0.117702448,2.51E-05,,,,,
g_Tolumonas,2862,2,0.116469182,2.48E-05,,,,,
g_Halorubrum,741,1,0.112460639,2.40E-05,,,,,
g_Gemmatirosa,3324,2,0.111537935,2.38E-05,,,,,
g_Betabaculovirus,753,1,0.110668437,2.36E-05,,,,,
g_Picrophilus,3015,2,0.110597849,2.36E-05,,,,,
g_Betainfluenzavirus,3030,2,0.110011001,2.35E-05,,,,,
g_Haloarcula,765,1,0.108932462,2.32E-05,,,,,
g_Acidihalobacter,3090,2,0.108292971,2.31E-05,,,,,
g_Chthonomonas,777,1,0.107250107,2.29E-05,,,,,
g_Candidatus Saccharimonas,783,1,0.106428267,2.27E-05,,,,,
g_Tissierella,804,1,0.103648425,2.21E-05,,,,,
g_Candidatus Paracaedimonas,9480,4,0.103076199,2.20E-05,,,,,
g_Cafeteriavirus,816,1,0.102124183,2.18E-05,,,,,
g_Propionigenium,825,1,0.101010101,2.15E-05,,,,,
g_Acidothermus,4326,2,0.100809017,2.15E-05,,,,,
g_Aeromicrobium,3369,2,0.09901678,2.11E-05,,,,,
g_Aminobacterium,849,1,0.098154692,2.09E-05,,,,,
g_Frateuria,3672,2,0.097892715,2.09E-05,,,,,
g_Pannonibacter,3642,2,0.097393262,2.08E-05,,,,,
g_Saccharomonospora,858,1,0.097125097,2.07E-05,,,,,
g_Thermosphaera,864,1,0.096450617,2.06E-05,,,,,
g_Candidatus Aquiluna,864,1,0.096450617,2.06E-05,,,,,
g_Parvibaculum,870,1,0.095785441,2.04E-05,,,,,
g_Hahella,873,1,0.095456281,2.04E-05,,,,,
g_Candidatus Endoecteinascidia,873,1,0.095456281,2.04E-05,,,,,
g_Kosmotoga,882,1,0.094482237,2.01E-05,,,,,
g_Turneriella,909,1,0.091675834,1.95E-05,,,,,
g_Fervidicoccus,912,1,0.091374269,1.95E-05,,,,,
g_Thermosynechococcus,5826,3,0.090584389,1.93E-05,,,,,
g_Acidobacterium,3894,2,0.089655422,1.91E-05,,,,,
g_Candidatus Koribacter,4272,2,0.089612231,1.91E-05,,,,,
g_Castellaniella,3885,2,0.089549968,1.91E-05,,,,,
g_Caldisericum,948,1,0.08790436,1.87E-05,,,,,
g_Aurantimonas,972,1,0.085733882,1.83E-05,,,,,
g_Methanohalobium,3960,2,0.084175857,1.79E-05,,,,,
g_Halopenitus,996,1,0.083668005,1.78E-05,,,,,
g_Rhodovulum,1008,1,0.082671958,1.76E-05,,,,,
g_Chromohalobacter,5012,2,0.080121027,1.71E-05,,,,,
g_Lyssavirus,1047,1,0.079592486,1.70E-05,,,,,
g_Frondihabitans,2163,2,0.077053475,1.64E-05,,,,,
g_Auraticoccus,1086,1,0.076734193,1.64E-05,,,,,
g_Gammapapillomavirus,1095,1,0.076103501,1.62E-05,,,,,
g_Iflavirus,1113,1,0.074872716,1.60E-05,,,,,
g_Iridovirus,1134,1,0.073486185,1.57E-05,,,,,
g_Percavirus,1137,1,0.07329229,1.56E-05,,,,,
g_Desulfurispirillum,4572,2,0.072907553,1.55E-05,,,,,
g_Natronomonas,1170,1,0.071225071,1.52E-05,,,,,
g_Thermosediminibacter,1191,1,0.069969214,1.49E-05,,,,,
g_Rotavirus,1194,1,0.069793412,1.49E-05,,,,,
g_Paraoerskovia,1206,1,0.06909895,1.47E-05,,,,,
g_Chelativorans,1212,1,0.068756876,1.47E-05,,,,,
g_Laribacter,1260,1,0.066137566,1.41E-05,,,,,
g_Labilithrix,1263,1,0.06598047,1.41E-05,,,,,
g_Limnochorda,1269,1,0.065668505,1.40E-05,,,,,
g_Lawsonella,1347,1,0.061865875,1.32E-05,,,,,
g_Orthopneumovirus,1356,1,0.061455261,1.31E-05,,,,,
g_Actinosynnema,1362,1,0.061184533,1.30E-05,,,,,
g_Halanaeroarchaeum,1374,1,0.06065017,1.29E-05,,,,,
g_Sextaecvirus,2769,2,0.060190201,1.28E-05,,,,,
g_Thermogladius,1422,1,0.058602907,1.25E-05,,,,,
g_Microcella,1455,1,0.057273769,1.22E-05,,,,,
g_Hyperthermus,1470,1,0.056689342,1.21E-05,,,,,
g_Varicellovirus,1503,1,0.055444666,1.18E-05,,,,,
g_Dietzia,1518,1,0.054896794,1.17E-05,,,,,
g_Mobiluncus,1521,1,0.054788516,1.17E-05,,,,,
g_Phietavirus,1536,1,0.054253472,1.16E-05,,,,,
g_Natronococcus,3081,2,0.054094991,1.15E-05,,,,,
g_T5virus,1593,1,0.052312199,1.12E-05,,,,,
g_C2virus,3225,2,0.051679587,1.10E-05,,,,,
g_Oceanithermus,1629,1,0.051156129,1.09E-05,,,,,
g_Aquincola,1632,1,0.051062092,1.09E-05,,,,,
g_Candidatus Mikella,1635,1,0.0509684,1.09E-05,,,,,
g_Slackia,1689,1,0.049338859,1.05E-05,,,,,
g_Candidatus Phaeomarinobacter,1725,1,0.048309179,1.03E-05,,,,,
g_Cyprinivirus,1821,1,0.045762402,9.76E-06,,,,,
g_Hydrogenothermus,1833,1,0.045462811,9.69E-06,,,,,
g_Candidatus Xiphinematobacter,1875,1,0.044444444,9.48E-06,,,,,
g_Entomoplasma,1905,1,0.043744532,9.33E-06,,,,,
g_Thioflavicoccus,1923,1,0.043335067,9.24E-06,,,,,
g_Desulfobacca,9306,2,0.042450147,9.05E-06,,,,,
g_Dolichospermum,7860,2,0.042408821,9.04E-06,,,,,
g_Candidatus Nanopusillus,1968,1,0.042344173,9.03E-06,,,,,
g_Pyrobaculum,2082,1,0.040025616,8.53E-06,,,,,
g_Candidatus Acetothermum,2163,1,0.038526738,8.21E-06,,,,,
g_Saccharopolyspora,2340,1,0.035612536,7.59E-06,,,,,
g_Agrican357virus,2421,1,0.034421038,7.34E-06,,,,,
g_Rubinisphaera,2490,1,0.033467202,7.14E-06,,,,,
g_Methanosalsum,2631,1,0.031673635,6.75E-06,,,,,
g_Candidatus Hoaglandella,2640,1,0.031565657,6.73E-06,,,,,
g_Oceanimonas,2661,1,0.031316548,6.68E-06,,,,,
g_Micavibrio,2664,1,0.031281281,6.67E-06,,,,,
g_Halalkalicoccus,2694,1,0.030932937,6.60E-06,,,,,
g_Morbillivirus,2733,1,0.030491523,6.50E-06,,,,,
g_Candidatus Caldiarchaeum,3093,1,0.026942558,5.74E-06,,,,,
g_Morganella,3183,1,0.026180752,5.58E-06,,,,,
g_Flexispira,3219,1,0.025887957,5.52E-06,,,,,
g_Budvicia,3813,1,0.021855057,4.66E-06,,,,,
g_Candidatus Zinderia,3930,1,0.021204411,4.52E-06,,,,,
g_Sulfuricella,4077,1,0.020439866,4.36E-06,,,,,
g_Acidianus,5103,1,0.016330263,3.48E-06,,,,,
